collection_id,content_id
JyA2ZRnlkXEH,TAtZQ6WfXrtu
JyA2ZRnlkXEH,cFN3qvpuZ70K
JyA2ZRnlkXEH,I-oawyiQlEn2
JyA2ZRnlkXEH,7fWhVJ99arfz
JyA2ZRnlkXEH,XVfvpgGJUsVZ
JyA2ZRnlkXEH,85ZbOk4QCnks
JyA2ZRnlkXEH,ex6LTxPVjWT3
JyA2ZRnlkXEH,MZOjuNWVuBNC
JyA2ZRnlkXEH,pgxu0na6SdB7
ogwpLwKE5Puq,_2I_BrosMPkz
ogwpLwKE5Puq,qnaGV_E0POoN
ogwpLwKE5Puq,wLx5r-0y7it-
olC9ihVTksCC,0OhuMWmJvc1Z
olC9ihVTksCC,d7GyasjUlzhd
olC9ihVTksCC,tp71gnooUug5
olC9ihVTksCC,69R22SbAsIcD
olC9ihVTksCC,ClGHNU48qqz_
olC9ihVTksCC,DBkkeRlay0Vr
olC9ihVTksCC,m-AkKm2qe9Ms
KZqYOAEUXKTw,TYS7y00BNcZa
KZqYOAEUXKTw,x7W7iyvRrQUi
KZqYOAEUXKTw,pZKV0eliKiMf
KZqYOAEUXKTw,Np89QQa71XKJ
KZqYOAEUXKTw,w06E-sRs5T3H
KZqYOAEUXKTw,U8ijs6yg8eYj
KZqYOAEUXKTw,2aFH6aGJ0RD4
KZqYOAEUXKTw,_kXHVevn13f2
9Yy4RWjSI8JN,XVfvpgGJUsVZ
9Yy4RWjSI8JN,85ZbOk4QCnks
9Yy4RWjSI8JN,qnaGV_E0POoN
9Yy4RWjSI8JN,cm1taXjg_esW
9Yy4RWjSI8JN,Lkf1VEFp1wo5
9Yy4RWjSI8JN,eD3yuhBjPE7V
9Yy4RWjSI8JN,KmSzfUdunncR
9Yy4RWjSI8JN,LVh6ZphHkE3O
9Yy4RWjSI8JN,I-oawyiQlEn2
9Yy4RWjSI8JN,_2I_BrosMPkz
wNRGNOeJksLV,x38xwCpKj1zC
wNRGNOeJksLV,nyskXE3T6ywq
wNRGNOeJksLV,KlIq_a0rLSZ7
wNRGNOeJksLV,Mlbhx44vdLTz
wNRGNOeJksLV,gFOt1dBF6XGH
wNRGNOeJksLV,wSspf2N5ivpx
wNRGNOeJksLV,WNcKfG8PchcI
XRxg7uIHH_AW,VBhfcMzgBPeL
XRxg7uIHH_AW,B4VcoYC7CsTt
XRxg7uIHH_AW,g-X7gB3FTWpk
XRxg7uIHH_AW,lY7pKQL4npMU
XRxg7uIHH_AW,pIhuWsDjT_69
7UDKECpSuwW0,x38xwCpKj1zC
7UDKECpSuwW0,OK2dgOzuuA8w
7UDKECpSuwW0,eBN-mhsV1Xkt
7UDKECpSuwW0,qoZAMie-kmRm
7UDKECpSuwW0,U8ijs6yg8eYj
7UDKECpSuwW0,0qFaDGhnOVmy
7UDKECpSuwW0,qw9pdEyMctWP
7UDKECpSuwW0,XA04yb0ZIBcN
7UDKECpSuwW0,ZXqomoYYzaYC
7UDKECpSuwW0,zOZneIkSlIcD
S3GEdwVngJNa,RrwElwt4F60H
S3GEdwVngJNa,B4VcoYC7CsTt
S3GEdwVngJNa,ZWbPZ3ZCiXX3
S3GEdwVngJNa,oWE32i4wjKUH
S3GEdwVngJNa,hPOVSV91XSt0
bUK6tNguaiG9,Ds7vWn5bayYD
bUK6tNguaiG9,K67HjyqgPZy4
bUK6tNguaiG9,pqlyBpMCtZJc
bUK6tNguaiG9,aKx6XelTIjYF
bUK6tNguaiG9,AZHWmGf_EHOW
ZkYRU6E3aBA7,0txvbHLUrM6d
ZkYRU6E3aBA7,PZT28qmb4gPk
ZkYRU6E3aBA7,NXMAwEAfaKHM
ZkYRU6E3aBA7,-S11MYyPRYQP
ZkYRU6E3aBA7,ih5rSeHgcDTs
tYJYP56cAL0q,Pz8oPkS8P4GH
tYJYP56cAL0q,3cKqzHFWLzlL
tYJYP56cAL0q,KlIq_a0rLSZ7
tYJYP56cAL0q,swcYDWtyLfUt
tYJYP56cAL0q,Op5MghEs9nV5
MPCCn6GC8oa5,D9XfVAquCHeK
MPCCn6GC8oa5,wtLMw2R1TnDU
MPCCn6GC8oa5,rZEa_T8U-RyM
MPCCn6GC8oa5,q8Fy36WNhTuX
MPCCn6GC8oa5,F49yCOavIUrC
1u1KtMPAFON1,qlQencBk68Ek
1u1KtMPAFON1,z-n132gATq87
1u1KtMPAFON1,SsB42wco_w_f
1u1KtMPAFON1,xliK0nGlNiLS
1u1KtMPAFON1,grH6-3rT_Iyw